Domain Code,Domain,Area Code (M49),Area,Element Code,Element,Item Code (CPC),Item,Year Code,Year,Unit,Value,Flag,Flag Description,Note
QCL,Crops and livestock products,1,World,5312,Area harvested,112,Maize (corn),1961,1961,ha,105559547,E,Estimated value,
QCL,Crops and livestock products,1,World,5419,Yield,112,Maize (corn),1961,1961,100 g/ha,19423,E,Estimated value,
QCL,Crops and livestock products,1,World,5510,Production,112,Maize (corn),1961,1961,t,205027236,A,Official figure,
QCL,Crops and livestock products,1,World,5312,Area harvested,112,Maize (corn),1962,1962,ha,103496472,E,Estimated value,
QCL,Crops and livestock products,1,World,5419,Yield,112,Maize (corn),1962,1962,100 g/ha,19796,E,Estimated value,
QCL,Crops and livestock products,1,World,5510,Production,112,Maize (corn),1962,1962,t,204876636,A,Official figure,
QCL,Crops and livestock products,1,World,5312,Area harvested,112,Maize (corn),1963,1963,ha,108427427,A,Official figure,
QCL,Crops and livestock products,1,World,5419,Yield,112,Maize (corn),1963,1963,100 g/ha,20311,A,Official figure,
QCL,Crops and livestock products,1,World,5510,Production,112,Maize (corn),1963,1963,t,220228115,A,Official figure,
QCL,Crops and livestock products,1,World,5312,Area harvested,112,Maize (corn),1964,1964,ha,107925069,A,Official figure,
QCL,Crops and livestock products,1,World,5419,Yield,112,Maize (corn),1964,1964,100 g/ha,19937,A,Official figure,
QCL,Crops and livestock products,1,World,5510,Production,112,Maize (corn),1964,1964,t,215172391,A,Official figure,
QCL,Crops and livestock products,1,World,5312,Area harvested,112,Maize (corn),1965,1965,ha,106676499,A,Official figure,
QCL,Crops and livestock products,1,World,5419,Yield,112,Maize (corn),1965,1965,100 g/ha,21237,A,Official figure,
QCL,Crops and livestock products,1,World,5510,Production,112,Maize (corn),1965,1965,t,226544121,A,Official figure,
QCL,Crops and livestock products,1,World,5312,Area harvested,112,Maize (corn),1966,1966,ha,111240993,E,Estimated value,
QCL,Crops and livestock products,1,World,5419,Yield,112,Maize (corn),1966,1966,100 g/ha,22078,E,Estimated value,
QCL,Crops and livestock products,1,World,5510,Production,112,Maize (corn),1966,1966,t,245599100,A,Official figure,
QCL,Crops and livestock products,1,World,5312,Area harvested,112,Maize (corn),1967,1967,ha,112457700,E,Estimated value,
QCL,Crops and livestock products,1,World,5419,Yield,112,Maize (corn),1967,1967,100 g/ha,24236,E,Estimated value,
QCL,Crops and livestock products,1,World,5510,Production,112,Maize (corn),1967,1967,t,272548408,A,Official figure,
QCL,Crops and livestock products,1,World,5312,Area harvested,112,Maize (corn),1968,1968,ha,111677783,A,Official figure,
QCL,Crops and livestock products,1,World,5419,Yield,112,Maize (corn),1968,1968,100 g/ha,22894,A,Official figure,
QCL,Crops and livestock products,1,World,5510,Production,112,Maize (corn),1968,1968,t,255670482,A,Official figure,
QCL,Crops and livestock products,1,World,5312,Area harvested,112,Maize (corn),1969,1969,ha,111338020,A,Official figure,
QCL,Crops and livestock products,1,World,5419,Yield,112,Maize (corn),1969,1969,100 g/ha,24206,A,Official figure,
QCL,Crops and livestock products,1,World,5510,Production,112,Maize (corn),1969,1969,t,269505982,A,Official figure,
QCL,Crops and livestock products,1,World,5312,Area harvested,112,Maize (corn),1970,1970,ha,113076119,A,Official figure,
QCL,Crops and livestock products,1,World,5419,Yield,112,Maize (corn),1970,1970,100 g/ha,23509,A,Official figure,
QCL,Crops and livestock products,1,World,5510,Production,112,Maize (corn),1970,1970,t,265831067,A,Official figure,
QCL,Crops and livestock products,1,World,5312,Area harvested,112,Maize (corn),1971,1971,ha,118195097,A,Official figure,
QCL,Crops and livestock products,1,World,5419,Yield,112,Maize (corn),1971,1971,100 g/ha,26534,A,Official figure,
QCL,Crops and livestock products,1,World,5510,Production,112,Maize (corn),1971,1971,t,313622542,A,Official figure,
QCL,Crops and livestock products,1,World,5312,Area harvested,112,Maize (corn),1972,1972,ha,114947787,A,Official figure,
QCL,Crops and livestock products,1,World,5419,Yield,112,Maize (corn),1972,1972,100 g/ha,26867,A,Official figure,
QCL,Crops and livestock products,1,World,5510,Production,112,Maize (corn),1972,1972,t,308826205,A,Official figure,
QCL,Crops and livestock products,1,World,5312,Area harvested,112,Maize (corn),1973,1973,ha,116943548,A,Official figure,
QCL,Crops and livestock products,1,World,5419,Yield,112,Maize (corn),1973,1973,100 g/ha,27217,A,Official figure,
QCL,Crops and livestock products,1,World,5510,Production,112,Maize (corn),1973,1973,t,318290384,A,Official figure,
QCL,Crops and livestock products,1,World,5312,Area harvested,112,Maize (corn),1974,1974,ha,119862397,A,Official figure,
QCL,Crops and livestock products,1,World,5419,Yield,112,Maize (corn),1974,1974,100 g/ha,25565,A,Official figure,
QCL,Crops and livestock products,1,World,5510,Production,112,Maize (corn),1974,1974,t,306427262,A,Official figure,
QCL,Crops and livestock products,1,World,5312,Area harvested,112,Maize (corn),1975,1975,ha,121483561,A,Official figure,
QCL,Crops and livestock products,1,World,5419,Yield,112,Maize (corn),1975,1975,100 g/ha,28132,A,Official figure,
QCL,Crops and livestock products,1,World,5510,Production,112,Maize (corn),1975,1975,t,341751886,A,Official figure,
QCL,Crops and livestock products,1,World,5312,Area harvested,112,Maize (corn),1976,1976,ha,124209053,A,Official figure,
QCL,Crops and livestock products,1,World,5419,Yield,112,Maize (corn),1976,1976,100 g/ha,28371,A,Official figure,
QCL,Crops and livestock products,1,World,5510,Production,112,Maize (corn),1976,1976,t,352395781,A,Official figure,
QCL,Crops and livestock products,1,World,5312,Area harvested,112,Maize (corn),1977,1977,ha,125249255,A,Official figure,
QCL,Crops and livestock products,1,World,5419,Yield,112,Maize (corn),1977,1977,100 g/ha,29668,A,Official figure,
QCL,Crops and livestock products,1,World,5510,Production,112,Maize (corn),1977,1977,t,371593270,A,Official figure,
QCL,Crops and livestock products,1,World,5312,Area harvested,112,Maize (corn),1978,1978,ha,124729562,A,Official figure,
QCL,Crops and livestock products,1,World,5419,Yield,112,Maize (corn),1978,1978,100 g/ha,31556,A,Official figure,
QCL,Crops and livestock products,1,World,5510,Production,112,Maize (corn),1978,1978,t,393600005,A,Official figure,
QCL,Crops and livestock products,1,World,5312,Area harvested,112,Maize (corn),1979,1979,ha,123679501,A,Official figure,
QCL,Crops and livestock products,1,World,5419,Yield,112,Maize (corn),1979,1979,100 g/ha,33847,A,Official figure,
QCL,Crops and livestock products,1,World,5510,Production,112,Maize (corn),1979,1979,t,418622905,A,Official figure,
QCL,Crops and livestock products,1,World,5312,Area harvested,112,Maize (corn),1980,1980,ha,125776294,A,Official figure,
QCL,Crops and livestock products,1,World,5419,Yield,112,Maize (corn),1980,1980,100 g/ha,31534,A,Official figure,
QCL,Crops and livestock products,1,World,5510,Production,112,Maize (corn),1980,1980,t,396623299,A,Official figure,
QCL,Crops and livestock products,1,World,5312,Area harvested,112,Maize (corn),1981,1981,ha,127894969,A,Official figure,
QCL,Crops and livestock products,1,World,5419,Yield,112,Maize (corn),1981,1981,100 g/ha,34933,A,Official figure,
QCL,Crops and livestock products,1,World,5510,Production,112,Maize (corn),1981,1981,t,446772427,A,Official figure,
QCL,Crops and livestock products,1,World,5312,Area harvested,112,Maize (corn),1982,1982,ha,124390712,A,Official figure,
QCL,Crops and livestock products,1,World,5419,Yield,112,Maize (corn),1982,1982,100 g/ha,36090,A,Official figure,
QCL,Crops and livestock products,1,World,5510,Production,112,Maize (corn),1982,1982,t,448932182,A,Official figure,
QCL,Crops and livestock products,1,World,5312,Area harvested,112,Maize (corn),1983,1983,ha,117848132,A,Official figure,
QCL,Crops and livestock products,1,World,5419,Yield,112,Maize (corn),1983,1983,100 g/ha,29452,A,Official figure,
QCL,Crops and livestock products,1,World,5510,Production,112,Maize (corn),1983,1983,t,347081960,A,Official figure,
QCL,Crops and livestock products,1,World,5312,Area harvested,112,Maize (corn),1984,1984,ha,127763898,A,Official figure,
QCL,Crops and livestock products,1,World,5419,Yield,112,Maize (corn),1984,1984,100 g/ha,35256,A,Official figure,
QCL,Crops and livestock products,1,World,5510,Production,112,Maize (corn),1984,1984,t,450449905,A,Official figure,
QCL,Crops and livestock products,1,World,5312,Area harvested,112,Maize (corn),1985,1985,ha,130512374,A,Official figure,
QCL,Crops and livestock products,1,World,5419,Yield,112,Maize (corn),1985,1985,100 g/ha,37202,A,Official figure,
QCL,Crops and livestock products,1,World,5510,Production,112,Maize (corn),1985,1985,t,485527217,A,Official figure,
QCL,Crops and livestock products,1,World,5312,Area harvested,112,Maize (corn),1986,1986,ha,131803650,A,Official figure,
QCL,Crops and livestock products,1,World,5419,Yield,112,Maize (corn),1986,1986,100 g/ha,36279,A,Official figure,
QCL,Crops and livestock products,1,World,5510,Production,112,Maize (corn),1986,1986,t,478176534,A,Official figure,
QCL,Crops and livestock products,1,World,5312,Area harvested,112,Maize (corn),1987,1987,ha,129971991,A,Official figure,
QCL,Crops and livestock products,1,World,5419,Yield,112,Maize (corn),1987,1987,100 g/ha,34863,A,Official figure,
QCL,Crops and livestock products,1,World,5510,Production,112,Maize (corn),1987,1987,t,453115706,A,Official figure,
QCL,Crops and livestock products,1,World,5312,Area harvested,112,Maize (corn),1988,1988,ha,130010246,A,Official figure,
QCL,Crops and livestock products,1,World,5419,Yield,112,Maize (corn),1988,1988,100 g/ha,31001,A,Official figure,
QCL,Crops and livestock products,1,World,5510,Production,112,Maize (corn),1988,1988,t,403050141,A,Official figure,
QCL,Crops and livestock products,1,World,5312,Area harvested,112,Maize (corn),1989,1989,ha,131782846,A,Official figure,
QCL,Crops and livestock products,1,World,5419,Yield,112,Maize (corn),1989,1989,100 g/ha,36186,A,Official figure,
QCL,Crops and livestock products,1,World,5510,Production,112,Maize (corn),1989,1989,t,476874410,A,Official figure,
QCL,Crops and livestock products,1,World,5312,Area harvested,112,Maize (corn),1990,1990,ha,130854680,A,Official figure,
QCL,Crops and livestock products,1,World,5419,Yield,112,Maize (corn),1990,1990,100 g/ha,36941,A,Official figure,
QCL,Crops and livestock products,1,World,5510,Production,112,Maize (corn),1990,1990,t,483387901.3,A,Official figure,
QCL,Crops and livestock products,1,World,5312,Area harvested,112,Maize (corn),1991,1991,ha,133633935,A,Official figure,
QCL,Crops and livestock products,1,World,5419,Yield,112,Maize (corn),1991,1991,100 g/ha,36997,A,Official figure,
QCL,Crops and livestock products,1,World,5510,Production,112,Maize (corn),1991,1991,t,494402007.3,A,Official figure,
QCL,Crops and livestock products,1,World,5312,Area harvested,112,Maize (corn),1992,1992,ha,136644303,A,Official figure,
QCL,Crops and livestock products,1,World,5419,Yield,112,Maize (corn),1992,1992,100 g/ha,39063,A,Official figure,
QCL,Crops and livestock products,1,World,5510,Production,112,Maize (corn),1992,1992,t,533776874.5,A,Official figure,
QCL,Crops and livestock products,1,World,5312,Area harvested,112,Maize (corn),1993,1993,ha,131443616,A,Official figure,
QCL,Crops and livestock products,1,World,5419,Yield,112,Maize (corn),1993,1993,100 g/ha,36306,A,Official figure,
QCL,Crops and livestock products,1,World,5510,Production,112,Maize (corn),1993,1993,t,477215762.9,A,Official figure,
QCL,Crops and livestock products,1,World,5312,Area harvested,112,Maize (corn),1994,1994,ha,138291305,A,Official figure,
QCL,Crops and livestock products,1,World,5419,Yield,112,Maize (corn),1994,1994,100 g/ha,41120,A,Official figure,
QCL,Crops and livestock products,1,World,5510,Production,112,Maize (corn),1994,1994,t,568654838.6,A,Official figure,
QCL,Crops and livestock products,1,World,5312,Area harvested,112,Maize (corn),1995,1995,ha,135768332,A,Official figure,
QCL,Crops and livestock products,1,World,5419,Yield,112,Maize (corn),1995,1995,100 g/ha,38101,A,Official figure,
QCL,Crops and livestock products,1,World,5510,Production,112,Maize (corn),1995,1995,t,517290721.1,A,Official figure,
QCL,Crops and livestock products,1,World,5312,Area harvested,112,Maize (corn),1996,1996,ha,139349612,A,Official figure,
QCL,Crops and livestock products,1,World,5419,Yield,112,Maize (corn),1996,1996,100 g/ha,42062,A,Official figure,
QCL,Crops and livestock products,1,World,5510,Production,112,Maize (corn),1996,1996,t,586137227.7,A,Official figure,
QCL,Crops and livestock products,1,World,5312,Area harvested,112,Maize (corn),1997,1997,ha,140778070,A,Official figure,
QCL,Crops and livestock products,1,World,5419,Yield,112,Maize (corn),1997,1997,100 g/ha,41512,A,Official figure,
QCL,Crops and livestock products,1,World,5510,Production,112,Maize (corn),1997,1997,t,584401175.8,A,Official figure,
QCL,Crops and livestock products,1,World,5312,Area harvested,112,Maize (corn),1998,1998,ha,138668816,A,Official figure,
QCL,Crops and livestock products,1,World,5419,Yield,112,Maize (corn),1998,1998,100 g/ha,44355,A,Official figure,
QCL,Crops and livestock products,1,World,5510,Production,112,Maize (corn),1998,1998,t,615071304.6,A,Official figure,
QCL,Crops and livestock products,1,World,5312,Area harvested,112,Maize (corn),1999,1999,ha,137253828,A,Official figure,
QCL,Crops and livestock products,1,World,5419,Yield,112,Maize (corn),1999,1999,100 g/ha,44255,A,Official figure,
QCL,Crops and livestock products,1,World,5510,Production,112,Maize (corn),1999,1999,t,607422351.8,A,Official figure,
QCL,Crops and livestock products,1,World,5312,Area harvested,112,Maize (corn),2000,2000,ha,136926328,A,Official figure,
QCL,Crops and livestock products,1,World,5419,Yield,112,Maize (corn),2000,2000,100 g/ha,43236,A,Official figure,
QCL,Crops and livestock products,1,World,5510,Production,112,Maize (corn),2000,2000,t,592019783.3,A,Official figure,
QCL,Crops and livestock products,1,World,5312,Area harvested,112,Maize (corn),2001,2001,ha,137382817,A,Official figure,
QCL,Crops and livestock products,1,World,5419,Yield,112,Maize (corn),2001,2001,100 g/ha,44776,A,Official figure,
QCL,Crops and livestock products,1,World,5510,Production,112,Maize (corn),2001,2001,t,615141837.2,A,Official figure,
QCL,Crops and livestock products,1,World,5312,Area harvested,112,Maize (corn),2002,2002,ha,137461766,A,Official figure,
QCL,Crops and livestock products,1,World,5419,Yield,112,Maize (corn),2002,2002,100 g/ha,43906,A,Official figure,
QCL,Crops and livestock products,1,World,5510,Production,112,Maize (corn),2002,2002,t,603538033.3,A,Official figure,
QCL,Crops and livestock products,1,World,5312,Area harvested,112,Maize (corn),2003,2003,ha,144596663,A,Official figure,
QCL,Crops and livestock products,1,World,5419,Yield,112,Maize (corn),2003,2003,100 g/ha,44610,A,Official figure,
QCL,Crops and livestock products,1,World,5510,Production,112,Maize (corn),2003,2003,t,645044177.3,A,Official figure,
QCL,Crops and livestock products,1,World,5312,Area harvested,112,Maize (corn),2004,2004,ha,147530577,A,Official figure,
QCL,Crops and livestock products,1,World,5419,Yield,112,Maize (corn),2004,2004,100 g/ha,49448,A,Official figure,
QCL,Crops and livestock products,1,World,5510,Production,112,Maize (corn),2004,2004,t,729502872.7,A,Official figure,
QCL,Crops and livestock products,1,World,5312,Area harvested,112,Maize (corn),2005,2005,ha,148203455,A,Official figure,
QCL,Crops and livestock products,1,World,5419,Yield,112,Maize (corn),2005,2005,100 g/ha,48188,A,Official figure,
QCL,Crops and livestock products,1,World,5510,Production,112,Maize (corn),2005,2005,t,714160378.4,A,Official figure,
QCL,Crops and livestock products,1,World,5312,Area harvested,112,Maize (corn),2006,2006,ha,148201895,A,Official figure,
QCL,Crops and livestock products,1,World,5419,Yield,112,Maize (corn),2006,2006,100 g/ha,47765,A,Official figure,
QCL,Crops and livestock products,1,World,5510,Production,112,Maize (corn),2006,2006,t,707891204.1,A,Official figure,
QCL,Crops and livestock products,1,World,5312,Area harvested,112,Maize (corn),2007,2007,ha,159255135,A,Official figure,
QCL,Crops and livestock products,1,World,5419,Yield,112,Maize (corn),2007,2007,100 g/ha,49827,A,Official figure,
QCL,Crops and livestock products,1,World,5510,Production,112,Maize (corn),2007,2007,t,793515430.7,A,Official figure,
QCL,Crops and livestock products,1,World,5312,Area harvested,112,Maize (corn),2008,2008,ha,163680300,A,Official figure,
QCL,Crops and livestock products,1,World,5419,Yield,112,Maize (corn),2008,2008,100 g/ha,50695,A,Official figure,
QCL,Crops and livestock products,1,World,5510,Production,112,Maize (corn),2008,2008,t,829776428.7,A,Official figure,
QCL,Crops and livestock products,1,World,5312,Area harvested,112,Maize (corn),2009,2009,ha,159393034,A,Official figure,
QCL,Crops and livestock products,1,World,5419,Yield,112,Maize (corn),2009,2009,100 g/ha,51496,A,Official figure,
QCL,Crops and livestock products,1,World,5510,Production,112,Maize (corn),2009,2009,t,820804323,A,Official figure,
QCL,Crops and livestock products,1,World,5312,Area harvested,112,Maize (corn),2010,2010,ha,165340309,A,Official figure,
QCL,Crops and livestock products,1,World,5419,Yield,112,Maize (corn),2010,2010,100 g/ha,51572,A,Official figure,
QCL,Crops and livestock products,1,World,5510,Production,112,Maize (corn),2010,2010,t,852693615.7,A,Official figure,
QCL,Crops and livestock products,1,World,5312,Area harvested,112,Maize (corn),2011,2011,ha,172752289,A,Official figure,
QCL,Crops and livestock products,1,World,5419,Yield,112,Maize (corn),2011,2011,100 g/ha,51385,A,Official figure,
QCL,Crops and livestock products,1,World,5510,Production,112,Maize (corn),2011,2011,t,887686113.2,A,Official figure,
QCL,Crops and livestock products,1,World,5312,Area harvested,112,Maize (corn),2012,2012,ha,180378103,A,Official figure,
QCL,Crops and livestock products,1,World,5419,Yield,112,Maize (corn),2012,2012,100 g/ha,48488,A,Official figure,
QCL,Crops and livestock products,1,World,5510,Production,112,Maize (corn),2012,2012,t,874613898.1,A,Official figure,
QCL,Crops and livestock products,1,World,5312,Area harvested,112,Maize (corn),2013,2013,ha,187539433,A,Official figure,
QCL,Crops and livestock products,1,World,5419,Yield,112,Maize (corn),2013,2013,100 g/ha,54211,A,Official figure,
QCL,Crops and livestock products,1,World,5510,Production,112,Maize (corn),2013,2013,t,1016672048,A,Official figure,
QCL,Crops and livestock products,1,World,5312,Area harvested,112,Maize (corn),2014,2014,ha,186490319,A,Official figure,
QCL,Crops and livestock products,1,World,5419,Yield,112,Maize (corn),2014,2014,100 g/ha,55790,A,Official figure,
QCL,Crops and livestock products,1,World,5510,Production,112,Maize (corn),2014,2014,t,1040424660,A,Official figure,
QCL,Crops and livestock products,1,World,5312,Area harvested,112,Maize (corn),2015,2015,ha,191058037,A,Official figure,
QCL,Crops and livestock products,1,World,5419,Yield,112,Maize (corn),2015,2015,100 g/ha,55158,A,Official figure,
QCL,Crops and livestock products,1,World,5510,Production,112,Maize (corn),2015,2015,t,1053833197,A,Official figure,
QCL,Crops and livestock products,1,World,5312,Area harvested,112,Maize (corn),2016,2016,ha,194117749,A,Official figure,
QCL,Crops and livestock products,1,World,5419,Yield,112,Maize (corn),2016,2016,100 g/ha,57883,A,Official figure,
QCL,Crops and livestock products,1,World,5510,Production,112,Maize (corn),2016,2016,t,1123613865,A,Official figure,
QCL,Crops and livestock products,1,World,5312,Area harvested,112,Maize (corn),2017,2017,ha,198573810,A,Official figure,
QCL,Crops and livestock products,1,World,5419,Yield,112,Maize (corn),2017,2017,100 g/ha,57425,A,Official figure,
QCL,Crops and livestock products,1,World,5510,Production,112,Maize (corn),2017,2017,t,1140319594,A,Official figure,
QCL,Crops and livestock products,1,World,5312,Area harvested,112,Maize (corn),2018,2018,ha,195252258,A,Official figure,
QCL,Crops and livestock products,1,World,5419,Yield,112,Maize (corn),2018,2018,100 g/ha,57583,A,Official figure,
QCL,Crops and livestock products,1,World,5510,Production,112,Maize (corn),2018,2018,t,1124325184,A,Official figure,
QCL,Crops and livestock products,1,World,5312,Area harvested,112,Maize (corn),2019,2019,ha,193676716,A,Official figure,
QCL,Crops and livestock products,1,World,5419,Yield,112,Maize (corn),2019,2019,100 g/ha,58744,A,Official figure,
QCL,Crops and livestock products,1,World,5510,Production,112,Maize (corn),2019,2019,t,1137729775,A,Official figure,
QCL,Crops and livestock products,1,World,5312,Area harvested,112,Maize (corn),2020,2020,ha,199275404,A,Official figure,
QCL,Crops and livestock products,1,World,5419,Yield,112,Maize (corn),2020,2020,100 g/ha,57998,A,Official figure,
QCL,Crops and livestock products,1,World,5510,Production,112,Maize (corn),2020,2020,t,1155754013,A,Official figure,
QCL,Crops and livestock products,1,World,5312,Area harvested,112,Maize (corn),2021,2021,ha,205694243,A,Official figure,
QCL,Crops and livestock products,1,World,5419,Yield,112,Maize (corn),2021,2021,100 g/ha,58728,A,Official figure,
QCL,Crops and livestock products,1,World,5510,Production,112,Maize (corn),2021,2021,t,1207996142,A,Official figure,
QCL,Crops and livestock products,1,World,5312,Area harvested,112,Maize (corn),2022,2022,ha,203470007,E,Estimated value,
QCL,Crops and livestock products,1,World,5419,Yield,112,Maize (corn),2022,2022,100 g/ha,57183,E,Estimated value,
QCL,Crops and livestock products,1,World,5510,Production,112,Maize (corn),2022,2022,t,1163497383,E,Estimated value,
QCL,Crops and livestock products,21,Northern America,5312,Area harvested,112,Maize (corn),1961,1961,ha,23484920,A,Official figure,
QCL,Crops and livestock products,21,Northern America,5419,Yield,112,Maize (corn),1961,1961,100 g/ha,39229,A,Official figure,
QCL,Crops and livestock products,21,Northern America,5510,Production,112,Maize (corn),1961,1961,t,92129912,A,Official figure,
QCL,Crops and livestock products,21,Northern America,5312,Area harvested,112,Maize (corn),1962,1962,ha,22728784,A,Official figure,
QCL,Crops and livestock products,21,Northern America,5419,Yield,112,Maize (corn),1962,1962,100 g/ha,40676,A,Official figure,
QCL,Crops and livestock products,21,Northern America,5510,Production,112,Maize (corn),1962,1962,t,92452368,A,Official figure,
QCL,Crops and livestock products,21,Northern America,5312,Area harvested,112,Maize (corn),1963,1963,ha,24191586,A,Official figure,
QCL,Crops and livestock products,21,Northern America,5419,Yield,112,Maize (corn),1963,1963,100 g/ha,42582,A,Official figure,
QCL,Crops and livestock products,21,Northern America,5510,Production,112,Maize (corn),1963,1963,t,103012118,A,Official figure,
QCL,Crops and livestock products,21,Northern America,5312,Area harvested,112,Maize (corn),1964,1964,ha,22672073,A,Official figure,
QCL,Crops and livestock products,21,Northern America,5419,Yield,112,Maize (corn),1964,1964,100 g/ha,39629,A,Official figure,
QCL,Crops and livestock products,21,Northern America,5510,Production,112,Maize (corn),1964,1964,t,89846189,A,Official figure,
QCL,Crops and livestock products,21,Northern America,5312,Area harvested,112,Maize (corn),1965,1965,ha,22717923,A,Official figure,
QCL,Crops and livestock products,21,Northern America,5419,Yield,112,Maize (corn),1965,1965,100 g/ha,46540,A,Official figure,
QCL,Crops and livestock products,21,Northern America,5510,Production,112,Maize (corn),1965,1965,t,105728237,A,Official figure,
QCL,Crops and livestock products,21,Northern America,5312,Area harvested,112,Maize (corn),1966,1966,ha,23393983,A,Official figure,
QCL,Crops and livestock products,21,Northern America,5419,Yield,112,Maize (corn),1966,1966,100 g/ha,45972,A,Official figure,
QCL,Crops and livestock products,21,Northern America,5510,Production,112,Maize (corn),1966,1966,t,107546206,A,Official figure,
QCL,Crops and livestock products,21,Northern America,5312,Area harvested,112,Maize (corn),1967,1967,ha,24916188,A,Official figure,
QCL,Crops and livestock products,21,Northern America,5419,Yield,112,Maize (corn),1967,1967,100 g/ha,50305,A,Official figure,
QCL,Crops and livestock products,21,Northern America,5510,Production,112,Maize (corn),1967,1967,t,125341280,A,Official figure,
QCL,Crops and livestock products,21,Northern America,5312,Area harvested,112,Maize (corn),1968,1968,ha,23044217,A,Official figure,
QCL,Crops and livestock products,21,Northern America,5419,Yield,112,Maize (corn),1968,1968,100 g/ha,49947,A,Official figure,
QCL,Crops and livestock products,21,Northern America,5510,Production,112,Maize (corn),1968,1968,t,115099195,A,Official figure,
QCL,Crops and livestock products,21,Northern America,5312,Area harvested,112,Maize (corn),1969,1969,ha,22484508,A,Official figure,
QCL,Crops and livestock products,21,Northern America,5419,Yield,112,Maize (corn),1969,1969,100 g/ha,53788,A,Official figure,
QCL,Crops and livestock products,21,Northern America,5510,Production,112,Maize (corn),1969,1969,t,120938811,A,Official figure,
QCL,Crops and livestock products,21,Northern America,5312,Area harvested,112,Maize (corn),1970,1970,ha,23710926,A,Official figure,
QCL,Crops and livestock products,21,Northern America,5419,Yield,112,Maize (corn),1970,1970,100 g/ha,45593,A,Official figure,
QCL,Crops and livestock products,21,Northern America,5510,Production,112,Maize (corn),1970,1970,t,108104797,A,Official figure,
QCL,Crops and livestock products,21,Northern America,5312,Area harvested,112,Maize (corn),1971,1971,ha,26519935,A,Official figure,
QCL,Crops and livestock products,21,Northern America,5419,Yield,112,Maize (corn),1971,1971,100 g/ha,55191,A,Official figure,
QCL,Crops and livestock products,21,Northern America,5510,Production,112,Maize (corn),1971,1971,t,146366588,A,Official figure,
QCL,Crops and livestock products,21,Northern America,5312,Area harvested,112,Maize (corn),1972,1972,ha,23811378,A,Official figure,
QCL,Crops and livestock products,21,Northern America,5419,Yield,112,Maize (corn),1972,1972,100 g/ha,60585,A,Official figure,
QCL,Crops and livestock products,21,Northern America,5510,Production,112,Maize (corn),1972,1972,t,144261677,A,Official figure,
QCL,Crops and livestock products,21,Northern America,5312,Area harvested,112,Maize (corn),1973,1973,ha,25678163,A,Official figure,
QCL,Crops and livestock products,21,Northern America,5419,Yield,112,Maize (corn),1973,1973,100 g/ha,57187,A,Official figure,
QCL,Crops and livestock products,21,Northern America,5510,Production,112,Maize (corn),1973,1973,t,146845141,A,Official figure,
QCL,Crops and livestock products,21,Northern America,5312,Area harvested,112,Maize (corn),1974,1974,ha,27058929,A,Official figure,
QCL,Crops and livestock products,21,Northern America,5419,Yield,112,Maize (corn),1974,1974,100 g/ha,45102,A,Official figure,
QCL,Crops and livestock products,21,Northern America,5510,Production,112,Maize (corn),1974,1974,t,122040020,A,Official figure,
QCL,Crops and livestock products,21,Northern America,5312,Area harvested,112,Maize (corn),1975,1975,ha,28001423,A,Official figure,
QCL,Crops and livestock products,21,Northern America,5419,Yield,112,Maize (corn),1975,1975,100 g/ha,54285,A,Official figure,
QCL,Crops and livestock products,21,Northern America,5510,Production,112,Maize (corn),1975,1975,t,152005938,A,Official figure,
QCL,Crops and livestock products,21,Northern America,5312,Area harvested,112,Maize (corn),1976,1976,ha,29646056,A,Official figure,
QCL,Crops and livestock products,21,Northern America,5419,Yield,112,Maize (corn),1976,1976,100 g/ha,55154,A,Official figure,
QCL,Crops and livestock products,21,Northern America,5510,Production,112,Maize (corn),1976,1976,t,163510684,A,Official figure,
QCL,Crops and livestock products,21,Northern America,5312,Area harvested,112,Maize (corn),1977,1977,ha,29716852,A,Official figure,
QCL,Crops and livestock products,21,Northern America,5419,Yield,112,Maize (corn),1977,1977,100 g/ha,57033,A,Official figure,
QCL,Crops and livestock products,21,Northern America,5510,Production,112,Maize (corn),1977,1977,t,169483944,A,Official figure,
QCL,Crops and livestock products,21,Northern America,5312,Area harvested,112,Maize (corn),1978,1978,ha,29961194,A,Official figure,
QCL,Crops and livestock products,21,Northern America,5419,Yield,112,Maize (corn),1978,1978,100 g/ha,63112,A,Official figure,
QCL,Crops and livestock products,21,Northern America,5510,Production,112,Maize (corn),1978,1978,t,189092508,A,Official figure,
QCL,Crops and livestock products,21,Northern America,5312,Area harvested,112,Maize (corn),1979,1979,ha,30251400,A,Official figure,
QCL,Crops and livestock products,21,Northern America,5419,Yield,112,Maize (corn),1979,1979,100 g/ha,68314,A,Official figure,
QCL,Crops and livestock products,21,Northern America,5510,Production,112,Maize (corn),1979,1979,t,206659108,A,Official figure,
QCL,Crops and livestock products,21,Northern America,5312,Area harvested,112,Maize (corn),1980,1980,ha,30548104,A,Official figure,
QCL,Crops and livestock products,21,Northern America,5419,Yield,112,Maize (corn),1980,1980,100 g/ha,57090,A,Official figure,
QCL,Crops and livestock products,21,Northern America,5510,Production,112,Maize (corn),1980,1980,t,174400208,A,Official figure,
QCL,Crops and livestock products,21,Northern America,5312,Area harvested,112,Maize (corn),1981,1981,ha,31299300,A,Official figure,
QCL,Crops and livestock products,21,Northern America,5419,Yield,112,Maize (corn),1981,1981,100 g/ha,68022,A,Official figure,
QCL,Crops and livestock products,21,Northern America,5510,Production,112,Maize (corn),1981,1981,t,212904600,A,Official figure,
QCL,Crops and livestock products,21,Northern America,5312,Area harvested,112,Maize (corn),1982,1982,ha,30536904,A,Official figure,
QCL,Crops and livestock products,21,Northern America,5419,Yield,112,Maize (corn),1982,1982,100 g/ha,70637,A,Official figure,
QCL,Crops and livestock products,21,Northern America,5510,Production,112,Maize (corn),1982,1982,t,215702300,A,Official figure,
QCL,Crops and livestock products,21,Northern America,5312,Area harvested,112,Maize (corn),1983,1983,ha,21908900,A,Official figure,
QCL,Crops and livestock products,21,Northern America,5419,Yield,112,Maize (corn),1983,1983,100 g/ha,51103,A,Official figure,
QCL,Crops and livestock products,21,Northern America,5510,Production,112,Maize (corn),1983,1983,t,111961000,A,Official figure,
QCL,Crops and livestock products,21,Northern America,5312,Area harvested,112,Maize (corn),1984,1984,ha,30244308,A,Official figure,
QCL,Crops and livestock products,21,Northern America,5419,Yield,112,Maize (corn),1984,1984,100 g/ha,66676,A,Official figure,
QCL,Crops and livestock products,21,Northern America,5510,Production,112,Maize (corn),1984,1984,t,201657500,A,Official figure,
QCL,Crops and livestock products,21,Northern America,5312,Area harvested,112,Maize (corn),1985,1985,ha,31559400,A,Official figure,
QCL,Crops and livestock products,21,Northern America,5419,Yield,112,Maize (corn),1985,1985,100 g/ha,73646,A,Official figure,
QCL,Crops and livestock products,21,Northern America,5510,Production,112,Maize (corn),1985,1985,t,232422908,A,Official figure,
QCL,Crops and livestock products,21,Northern America,5312,Area harvested,112,Maize (corn),1986,1986,ha,28878808,A,Official figure,
QCL,Crops and livestock products,21,Northern America,5419,Yield,112,Maize (corn),1986,1986,100 g/ha,74399,A,Official figure,
QCL,Crops and livestock products,21,Northern America,5510,Production,112,Maize (corn),1986,1986,t,214854508,A,Official figure,
QCL,Crops and livestock products,21,Northern America,5312,Area harvested,112,Maize (corn),1987,1987,ha,25079300,A,Official figure,
QCL,Crops and livestock products,21,Northern America,5419,Yield,112,Maize (corn),1987,1987,100 g/ha,75025,A,Official figure,
QCL,Crops and livestock products,21,Northern America,5510,Production,112,Maize (corn),1987,1987,t,188156800,A,Official figure,
QCL,Crops and livestock products,21,Northern America,5312,Area harvested,112,Maize (corn),1988,1988,ha,24554408,A,Official figure,
QCL,Crops and livestock products,21,Northern America,5419,Yield,112,Maize (corn),1988,1988,100 g/ha,53173,A,Official figure,
QCL,Crops and livestock products,21,Northern America,5510,Production,112,Maize (corn),1988,1988,t,130563200,A,Official figure,
QCL,Crops and livestock products,21,Northern America,5312,Area harvested,112,Maize (corn),1989,1989,ha,27250600,A,Official figure,
QCL,Crops and livestock products,21,Northern America,5419,Yield,112,Maize (corn),1989,1989,100 g/ha,72619,A,Official figure,
QCL,Crops and livestock products,21,Northern America,5510,Production,112,Maize (corn),1989,1989,t,197890008,A,Official figure,
QCL,Crops and livestock products,21,Northern America,5312,Area harvested,112,Maize (corn),1990,1990,ha,28124800,A,Official figure,
QCL,Crops and livestock products,21,Northern America,5419,Yield,112,Maize (corn),1990,1990,100 g/ha,74169,A,Official figure,
QCL,Crops and livestock products,21,Northern America,5510,Production,112,Maize (corn),1990,1990,t,208598000,A,Official figure,
QCL,Crops and livestock products,21,Northern America,5312,Area harvested,112,Maize (corn),1991,1991,ha,28956380,A,Official figure,
QCL,Crops and livestock products,21,Northern America,5419,Yield,112,Maize (corn),1991,1991,100 g/ha,68130,A,Official figure,
QCL,Crops and livestock products,21,Northern America,5510,Production,112,Maize (corn),1991,1991,t,197280780,A,Official figure,
QCL,Crops and livestock products,21,Northern America,5312,Area harvested,112,Maize (corn),1992,1992,ha,30026540,A,Official figure,
QCL,Crops and livestock products,21,Northern America,5419,Yield,112,Maize (corn),1992,1992,100 g/ha,81795,A,Official figure,
QCL,Crops and livestock products,21,Northern America,5510,Production,112,Maize (corn),1992,1992,t,245601820,A,Official figure,
QCL,Crops and livestock products,21,Northern America,5312,Area harvested,112,Maize (corn),1993,1993,ha,26480360,A,Official figure,
QCL,Crops and livestock products,21,Northern America,5419,Yield,112,Maize (corn),1993,1993,100 g/ha,63250,A,Official figure,
QCL,Crops and livestock products,21,Northern America,5510,Production,112,Maize (corn),1993,1993,t,167486960,A,Official figure,
QCL,Crops and livestock products,21,Northern America,5312,Area harvested,112,Maize (corn),1994,1994,ha,30300690,A,Official figure,
QCL,Crops and livestock products,21,Northern America,5419,Yield,112,Maize (corn),1994,1994,100 g/ha,86578,A,Official figure,
QCL,Crops and livestock products,21,Northern America,5510,Production,112,Maize (corn),1994,1994,t,262337870,A,Official figure,
QCL,Crops and livestock products,21,Northern America,5312,Area harvested,112,Maize (corn),1995,1995,ha,27392330,A,Official figure,
QCL,Crops and livestock products,21,Northern America,5419,Yield,112,Maize (corn),1995,1995,100 g/ha,71276,A,Official figure,
QCL,Crops and livestock products,21,Northern America,5510,Production,112,Maize (corn),1995,1995,t,195240850,A,Official figure,
QCL,Crops and livestock products,21,Northern America,5312,Area harvested,112,Maize (corn),1996,1996,ha,30488300,A,Official figure,
QCL,Crops and livestock products,21,Northern America,5419,Yield,112,Maize (corn),1996,1996,100 g/ha,79392,A,Official figure,
QCL,Crops and livestock products,21,Northern America,5510,Production,112,Maize (corn),1996,1996,t,242054150,A,Official figure,
QCL,Crops and livestock products,21,Northern America,5312,Area harvested,112,Maize (corn),1997,1997,ha,30454330,A,Official figure,
QCL,Crops and livestock products,21,Northern America,5419,Yield,112,Maize (corn),1997,1997,100 g/ha,79149,A,Official figure,
QCL,Crops and livestock products,21,Northern America,5510,Production,112,Maize (corn),1997,1997,t,241044300,A,Official figure,
QCL,Crops and livestock products,21,Northern America,5312,Area harvested,112,Maize (corn),1998,1998,ha,30494340,A,Official figure,
QCL,Crops and livestock products,21,Northern America,5419,Yield,112,Maize (corn),1998,1998,100 g/ha,84224,A,Official figure,
QCL,Crops and livestock products,21,Northern America,5510,Production,112,Maize (corn),1998,1998,t,256834420,A,Official figure,
QCL,Crops and livestock products,21,Northern America,5312,Area harvested,112,Maize (corn),1999,1999,ha,29674180,A,Official figure,
QCL,Crops and livestock products,21,Northern America,5419,Yield,112,Maize (corn),1999,1999,100 g/ha,83814,A,Official figure,
QCL,Crops and livestock products,21,Northern America,5510,Production,112,Maize (corn),1999,1999,t,248709880,A,Official figure,
QCL,Crops and livestock products,21,Northern America,5312,Area harvested,112,Maize (corn),2000,2000,ha,30422240,A,Official figure,
QCL,Crops and livestock products,21,Northern America,5419,Yield,112,Maize (corn),2000,2000,100 g/ha,85072,A,Official figure,
QCL,Crops and livestock products,21,Northern America,5510,Production,112,Maize (corn),2000,2000,t,258807600,A,Official figure,
QCL,Crops and livestock products,21,Northern America,5312,Area harvested,112,Maize (corn),2001,2001,ha,29097220,A,Official figure,
QCL,Crops and livestock products,21,Northern America,5419,Yield,112,Maize (corn),2001,2001,100 g/ha,85838,A,Official figure,
QCL,Crops and livestock products,21,Northern America,5510,Production,112,Maize (corn),2001,2001,t,249765850,A,Official figure,
QCL,Crops and livestock products,21,Northern America,5312,Area harvested,112,Maize (corn),2002,2002,ha,29340360,A,Official figure,
QCL,Crops and livestock products,21,Northern America,5419,Yield,112,Maize (corn),2002,2002,100 g/ha,80696,A,Official figure,
QCL,Crops and livestock products,21,Northern America,5510,Production,112,Maize (corn),2002,2002,t,236765680,A,Official figure,
QCL,Crops and livestock products,21,Northern America,5312,Area harvested,112,Maize (corn),2003,2003,ha,29936430,A,Official figure,
QCL,Crops and livestock products,21,Northern America,5419,Yield,112,Maize (corn),2003,2003,100 g/ha,88794,A,Official figure,
QCL,Crops and livestock products,21,Northern America,5510,Production,112,Maize (corn),2003,2003,t,265816320,A,Official figure,
QCL,Crops and livestock products,21,Northern America,5312,Area harvested,112,Maize (corn),2004,2004,ha,30870030,A,Official figure,
QCL,Crops and livestock products,21,Northern America,5419,Yield,112,Maize (corn),2004,2004,100 g/ha,100004,A,Official figure,
QCL,Crops and livestock products,21,Northern America,5510,Production,112,Maize (corn),2004,2004,t,308712370,A,Official figure,
QCL,Crops and livestock products,21,Northern America,5312,Area harvested,112,Maize (corn),2005,2005,ha,31483800,A,Official figure,
QCL,Crops and livestock products,21,Northern America,5419,Yield,112,Maize (corn),2005,2005,100 g/ha,92617,A,Official figure,
QCL,Crops and livestock products,21,Northern America,5510,Production,112,Maize (corn),2005,2005,t,291594750,A,Official figure,
QCL,Crops and livestock products,21,Northern America,5312,Area harvested,112,Maize (corn),2006,2006,ha,29647390,A,Official figure,
QCL,Crops and livestock products,21,Northern America,5419,Yield,112,Maize (corn),2006,2006,100 g/ha,93260,A,Official figure,
QCL,Crops and livestock products,21,Northern America,5510,Production,112,Maize (corn),2006,2006,t,276492650,A,Official figure,
QCL,Crops and livestock products,21,Northern America,5312,Area harvested,112,Maize (corn),2007,2007,ha,36382480,A,Official figure,
QCL,Crops and livestock products,21,Northern America,5419,Yield,112,Maize (corn),2007,2007,100 g/ha,94228,A,Official figure,
QCL,Crops and livestock products,21,Northern America,5510,Production,112,Maize (corn),2007,2007,t,342825980,A,Official figure,
QCL,Crops and livestock products,21,Northern America,5312,Area harvested,112,Maize (corn),2008,2008,ha,32965290,A,Official figure,
QCL,Crops and livestock products,21,Northern America,5419,Yield,112,Maize (corn),2008,2008,100 g/ha,96011,A,Official figure,
QCL,Crops and livestock products,21,Northern America,5510,Production,112,Maize (corn),2008,2008,t,316503450,A,Official figure,
QCL,Crops and livestock products,21,Northern America,5312,Area harvested,112,Maize (corn),2009,2009,ha,33310810,A,Official figure,
QCL,Crops and livestock products,21,Northern America,5419,Yield,112,Maize (corn),2009,2009,100 g/ha,102514,A,Official figure,
QCL,Crops and livestock products,21,Northern America,5510,Production,112,Maize (corn),2009,2009,t,341482250,A,Official figure,
QCL,Crops and livestock products,21,Northern America,5312,Area harvested,112,Maize (corn),2010,2010,ha,34195480,A,Official figure,
QCL,Crops and livestock products,21,Northern America,5419,Yield,112,Maize (corn),2010,2010,100 g/ha,95820,A,Official figure,
QCL,Crops and livestock products,21,Northern America,5510,Production,112,Maize (corn),2010,2010,t,327661220,A,Official figure,
QCL,Crops and livestock products,21,Northern America,5312,Area harvested,112,Maize (corn),2011,2011,ha,35216790,A,Official figure,
QCL,Crops and livestock products,21,Northern America,5419,Yield,112,Maize (corn),2011,2011,100 g/ha,92043,A,Official figure,
QCL,Crops and livestock products,21,Northern America,5510,Production,112,Maize (corn),2011,2011,t,324147590,A,Official figure,
QCL,Crops and livestock products,21,Northern America,5312,Area harvested,112,Maize (corn),2012,2012,ha,36781840,A,Official figure,
QCL,Crops and livestock products,21,Northern America,5419,Yield,112,Maize (corn),2012,2012,100 g/ha,77824,A,Official figure,
QCL,Crops and livestock products,21,Northern America,5510,Production,112,Maize (corn),2012,2012,t,286252500,A,Official figure,
QCL,Crops and livestock products,21,Northern America,5312,Area harvested,112,Maize (corn),2013,2013,ha,36877250,A,Official figure,
QCL,Crops and livestock products,21,Northern America,5419,Yield,112,Maize (corn),2013,2013,100 g/ha,99102,A,Official figure,
QCL,Crops and livestock products,21,Northern America,5510,Production,112,Maize (corn),2013,2013,t,365462570,A,Official figure,
QCL,Crops and livestock products,21,Northern America,5312,Area harvested,112,Maize (corn),2014,2014,ha,34893110,A,Official figure,
QCL,Crops and livestock products,21,Northern America,5419,Yield,112,Maize (corn),2014,2014,100 g/ha,106811,A,Official figure,
QCL,Crops and livestock products,21,Northern America,5510,Production,112,Maize (corn),2014,2014,t,372697540,A,Official figure,
QCL,Crops and livestock products,21,Northern America,5312,Area harvested,112,Maize (corn),2015,2015,ha,34018710,A,Official figure,
QCL,Crops and livestock products,21,Northern America,5419,Yield,112,Maize (corn),2015,2015,100 g/ha,105579,A,Official figure,
QCL,Crops and livestock products,21,Northern America,5510,Production,112,Maize (corn),2015,2015,t,359165840,A,Official figure,
QCL,Crops and livestock products,21,Northern America,5312,Area harvested,112,Maize (corn),2016,2016,ha,36519550,A,Official figure,
QCL,Crops and livestock products,21,Northern America,5419,Yield,112,Maize (corn),2016,2016,100 g/ha,116691,A,Official figure,
QCL,Crops and livestock products,21,Northern America,5510,Production,112,Maize (corn),2016,2016,t,426151180,A,Official figure,
QCL,Crops and livestock products,21,Northern America,5312,Area harvested,112,Maize (corn),2017,2017,ha,34887420,A,Official figure,
QCL,Crops and livestock products,21,Northern America,5419,Yield,112,Maize (corn),2017,2017,100 g/ha,110410,A,Official figure,
QCL,Crops and livestock products,21,Northern America,5510,Production,112,Maize (corn),2017,2017,t,385191530,A,Official figure,
QCL,Crops and livestock products,21,Northern America,5312,Area harvested,112,Maize (corn),2018,2018,ha,34322280,A,Official figure,
QCL,Crops and livestock products,21,Northern America,5419,Yield,112,Maize (corn),2018,2018,100 g/ha,110175,A,Official figure,
QCL,Crops and livestock products,21,Northern America,5510,Production,112,Maize (corn),2018,2018,t,378146950,A,Official figure,
QCL,Crops and livestock products,21,Northern America,5312,Area harvested,112,Maize (corn),2019,2019,ha,34367470,A,Official figure,
QCL,Crops and livestock products,21,Northern America,5419,Yield,112,Maize (corn),2019,2019,100 g/ha,104566,A,Official figure,
QCL,Crops and livestock products,21,Northern America,5510,Production,112,Maize (corn),2019,2019,t,359366010,A,Official figure,
QCL,Crops and livestock products,21,Northern America,5312,Area harvested,112,Maize (corn),2020,2020,ha,34719450,A,Official figure,
QCL,Crops and livestock products,21,Northern America,5419,Yield,112,Maize (corn),2020,2020,100 g/ha,107148,A,Official figure,
QCL,Crops and livestock products,21,Northern America,5510,Production,112,Maize (corn),2020,2020,t,372010610,A,Official figure,
QCL,Crops and livestock products,21,Northern America,5312,Area harvested,112,Maize (corn),2021,2021,ha,35989040,A,Official figure,
QCL,Crops and livestock products,21,Northern America,5419,Yield,112,Maize (corn),2021,2021,100 g/ha,110451,A,Official figure,
QCL,Crops and livestock products,21,Northern America,5510,Production,112,Maize (corn),2021,2021,t,397503452,A,Official figure,
QCL,Crops and livestock products,21,Northern America,5312,Area harvested,112,Maize (corn),2022,2022,ha,33498180,A,Official figure,
QCL,Crops and livestock products,21,Northern America,5419,Yield,112,Maize (corn),2022,2022,100 g/ha,108451,A,Official figure,
QCL,Crops and livestock products,21,Northern America,5510,Production,112,Maize (corn),2022,2022,t,363289808,A,Official figure,
QCL,Crops and livestock products,13,Central America,5312,Area harvested,112,Maize (corn),1961,1961,ha,7669836,A,Official figure,
QCL,Crops and livestock products,13,Central America,5419,Yield,112,Maize (corn),1961,1961,100 g/ha,9738,A,Official figure,
QCL,Crops and livestock products,13,Central America,5510,Production,112,Maize (corn),1961,1961,t,7469003,A,Official figure,
QCL,Crops and livestock products,13,Central America,5312,Area harvested,112,Maize (corn),1962,1962,ha,7790270,A,Official figure,
QCL,Crops and livestock products,13,Central America,5419,Yield,112,Maize (corn),1962,1962,100 g/ha,9848,A,Official figure,
QCL,Crops and livestock products,13,Central America,5510,Production,112,Maize (corn),1962,1962,t,7671734,A,Official figure,
QCL,Crops and livestock products,13,Central America,5312,Area harvested,112,Maize (corn),1963,1963,ha,8398726,A,Official figure,
QCL,Crops and livestock products,13,Central America,5419,Yield,112,Maize (corn),1963,1963,100 g/ha,9800,A,Official figure,
QCL,Crops and livestock products,13,Central America,5510,Production,112,Maize (corn),1963,1963,t,8230388,A,Official figure,
QCL,Crops and livestock products,13,Central America,5312,Area harvested,112,Maize (corn),1964,1964,ha,8969615,A,Official figure,
QCL,Crops and livestock products,13,Central America,5419,Yield,112,Maize (corn),1964,1964,100 g/ha,11066,A,Official figure,
QCL,Crops and livestock products,13,Central America,5510,Production,112,Maize (corn),1964,1964,t,9925690,A,Official figure,
QCL,Crops and livestock products,13,Central America,5312,Area harvested,112,Maize (corn),1965,1965,ha,9238629,A,Official figure,
QCL,Crops and livestock products,13,Central America,5419,Yield,112,Maize (corn),1965,1965,100 g/ha,11317,A,Official figure,
QCL,Crops and livestock products,13,Central America,5510,Production,112,Maize (corn),1965,1965,t,10455222,A,Official figure,
QCL,Crops and livestock products,13,Central America,5312,Area harvested,112,Maize (corn),1966,1966,ha,9807167,A,Official figure,
QCL,Crops and livestock products,13,Central America,5419,Yield,112,Maize (corn),1966,1966,100 g/ha,11021,A,Official figure,
QCL,Crops and livestock products,13,Central America,5510,Production,112,Maize (corn),1966,1966,t,10808464,A,Official figure,
QCL,Crops and livestock products,13,Central America,5312,Area harvested,112,Maize (corn),1967,1967,ha,9192398,A,Official figure,
QCL,Crops and livestock products,13,Central America,5419,Yield,112,Maize (corn),1967,1967,100 g/ha,11029,A,Official figure,
QCL,Crops and livestock products,13,Central America,5510,Production,112,Maize (corn),1967,1967,t,10137867,A,Official figure,
QCL,Crops and livestock products,13,Central America,5312,Area harvested,112,Maize (corn),1968,1968,ha,9252890,A,Official figure,
QCL,Crops and livestock products,13,Central America,5419,Yield,112,Maize (corn),1968,1968,100 g/ha,11600,A,Official figure,
QCL,Crops and livestock products,13,Central America,5510,Production,112,Maize (corn),1968,1968,t,10733198,A,Official figure,
QCL,Crops and livestock products,13,Central America,5312,Area harvested,112,Maize (corn),1969,1969,ha,8695360,A,Official figure,
QCL,Crops and livestock products,13,Central America,5419,Yield,112,Maize (corn),1969,1969,100 g/ha,11675,A,Official figure,
QCL,Crops and livestock products,13,Central America,5510,Production,112,Maize (corn),1969,1969,t,10151952,A,Official figure,
QCL,Crops and livestock products,13,Central America,5312,Area harvested,112,Maize (corn),1970,1970,ha,8986303,A,Official figure,
QCL,Crops and livestock products,13,Central America,5419,Yield,112,Maize (corn),1970,1970,100 g/ha,11959,A,Official figure,
QCL,Crops and livestock products,13,Central America,5510,Production,112,Maize (corn),1970,1970,t,10746689,A,Official figure,
QCL,Crops and livestock products,13,Central America,5312,Area harvested,112,Maize (corn),1971,1971,ha,9235158,A,Official figure,
QCL,Crops and livestock products,13,Central America,5419,Yield,112,Maize (corn),1971,1971,100 g/ha,12596,A,Official figure,
QCL,Crops and livestock products,13,Central America,5510,Production,112,Maize (corn),1971,1971,t,11632601,A,Official figure,
QCL,Crops and livestock products,13,Central America,5312,Area harvested,112,Maize (corn),1972,1972,ha,8797808,A,Official figure,
QCL,Crops and livestock products,13,Central America,5419,Yield,112,Maize (corn),1972,1972,100 g/ha,12353,A,Official figure,
QCL,Crops and livestock products,13,Central America,5510,Production,112,Maize (corn),1972,1972,t,10867793,A,Official figure,
QCL,Crops and livestock products,13,Central America,5312,Area harvested,112,Maize (corn),1973,1973,ha,8934386,A,Official figure,
QCL,Crops and livestock products,13,Central America,5419,Yield,112,Maize (corn),1973,1973,100 g/ha,11749,A,Official figure,
QCL,Crops and livestock products,13,Central America,5510,Production,112,Maize (corn),1973,1973,t,10497456,A,Official figure,
QCL,Crops and livestock products,13,Central America,5312,Area harvested,112,Maize (corn),1974,1974,ha,8166562,A,Official figure,
QCL,Crops and livestock products,13,Central America,5419,Yield,112,Maize (corn),1974,1974,100 g/ha,11852,A,Official figure,
QCL,Crops and livestock products,13,Central America,5510,Production,112,Maize (corn),1974,1974,t,9679277,A,Official figure,
QCL,Crops and livestock products,13,Central America,5312,Area harvested,112,Maize (corn),1975,1975,ha,8175487,A,Official figure,
QCL,Crops and livestock products,13,Central America,5419,Yield,112,Maize (corn),1975,1975,100 g/ha,12863,A,Official figure,
QCL,Crops and livestock products,13,Central America,5510,Production,112,Maize (corn),1975,1975,t,10516501,A,Official figure,
QCL,Crops and livestock products,13,Central America,5312,Area harvested,112,Maize (corn),1976,1976,ha,8414318,A,Official figure,
QCL,Crops and livestock products,13,Central America,5419,Yield,112,Maize (corn),1976,1976,100 g/ha,11848,A,Official figure,
QCL,Crops and livestock products,13,Central America,5510,Production,112,Maize (corn),1976,1976,t,9969056,A,Official figure,
QCL,Crops and livestock products,13,Central America,5312,Area harvested,112,Maize (corn),1977,1977,ha,9179465,A,Official figure,
QCL,Crops and livestock products,13,Central America,5419,Yield,112,Maize (corn),1977,1977,100 g/ha,13248,A,Official figure,
QCL,Crops and livestock products,13,Central America,5510,Production,112,Maize (corn),1977,1977,t,12160856,A,Official figure,
QCL,Crops and livestock products,13,Central America,5312,Area harvested,112,Maize (corn),1978,1978,ha,8865067,A,Official figure,
QCL,Crops and livestock products,13,Central America,5419,Yield,112,Maize (corn),1978,1978,100 g/ha,14888,A,Official figure,
QCL,Crops and livestock products,13,Central America,5510,Production,112,Maize (corn),1978,1978,t,13198435,A,Official figure,
QCL,Crops and livestock products,13,Central America,5312,Area harvested,112,Maize (corn),1979,1979,ha,7029065,A,Official figure,
QCL,Crops and livestock products,13,Central America,5419,Yield,112,Maize (corn),1979,1979,100 g/ha,15081,A,Official figure,
QCL,Crops and livestock products,13,Central America,5510,Production,112,Maize (corn),1979,1979,t,10600448,A,Official figure,
QCL,Crops and livestock products,13,Central America,5312,Area harvested,112,Maize (corn),1980,1980,ha,8333710,A,Official figure,
QCL,Crops and livestock products,13,Central America,5419,Yield,112,Maize (corn),1980,1980,100 g/ha,17428,A,Official figure,
QCL,Crops and livestock products,13,Central America,5510,Production,112,Maize (corn),1980,1980,t,14524376,A,Official figure,
QCL,Crops and livestock products,13,Central America,5312,Area harvested,112,Maize (corn),1981,1981,ha,9286357,A,Official figure,
QCL,Crops and livestock products,13,Central America,5419,Yield,112,Maize (corn),1981,1981,100 g/ha,17574,A,Official figure,
QCL,Crops and livestock products,13,Central America,5510,Production,112,Maize (corn),1981,1981,t,16320186,A,Official figure,
QCL,Crops and livestock products,13,Central America,5312,Area harvested,112,Maize (corn),1982,1982,ha,7151650,A,Official figure,
QCL,Crops and livestock products,13,Central America,5419,Yield,112,Maize (corn),1982,1982,100 g/ha,17276,A,Official figure,
QCL,Crops and livestock products,13,Central America,5510,Production,112,Maize (corn),1982,1982,t,12355044,A,Official figure,
QCL,Crops and livestock products,13,Central America,5312,Area harvested,112,Maize (corn),1983,1983,ha,8858797,A,Official figure,
QCL,Crops and livestock products,13,Central America,5419,Yield,112,Maize (corn),1983,1983,100 g/ha,17479,A,Official figure,
QCL,Crops and livestock products,13,Central America,5510,Production,112,Maize (corn),1983,1983,t,15484176,A,Official figure,
QCL,Crops and livestock products,13,Central America,5312,Area harvested,112,Maize (corn),1984,1984,ha,8434809,A,Official figure,
QCL,Crops and livestock products,13,Central America,5419,Yield,112,Maize (corn),1984,1984,100 g/ha,17943,A,Official figure,
QCL,Crops and livestock products,13,Central America,5510,Production,112,Maize (corn),1984,1984,t,15134773,A,Official figure,
QCL,Crops and livestock products,13,Central America,5312,Area harvested,112,Maize (corn),1985,1985,ha,9152646,A,Official figure,
QCL,Crops and livestock products,13,Central America,5419,Yield,112,Maize (corn),1985,1985,100 g/ha,18085,A,Official figure,
QCL,Crops and livestock products,13,Central America,5510,Production,112,Maize (corn),1985,1985,t,16552483,A,Official figure,
QCL,Crops and livestock products,13,Central America,5312,Area harvested,112,Maize (corn),1986,1986,ha,8054100,A,Official figure,
QCL,Crops and livestock products,13,Central America,5419,Yield,112,Maize (corn),1986,1986,100 g/ha,17940,A,Official figure,
QCL,Crops and livestock products,13,Central America,5510,Production,112,Maize (corn),1986,1986,t,14449372,A,Official figure,
QCL,Crops and livestock products,13,Central America,5312,Area harvested,112,Maize (corn),1987,1987,ha,8515988,A,Official figure,
QCL,Crops and livestock products,13,Central America,5419,Yield,112,Maize (corn),1987,1987,100 g/ha,16844,A,Official figure,
QCL,Crops and livestock products,13,Central America,5510,Production,112,Maize (corn),1987,1987,t,14344502,A,Official figure,
QCL,Crops and livestock products,13,Central America,5312,Area harvested,112,Maize (corn),1988,1988,ha,8099299,A,Official figure,
QCL,Crops and livestock products,13,Central America,5419,Yield,112,Maize (corn),1988,1988,100 g/ha,16453,A,Official figure,
QCL,Crops and livestock products,13,Central America,5510,Production,112,Maize (corn),1988,1988,t,13325816,A,Official figure,
QCL,Crops and livestock products,13,Central America,5312,Area harvested,112,Maize (corn),1989,1989,ha,8051417,A,Official figure,
QCL,Crops and livestock products,13,Central America,5419,Yield,112,Maize (corn),1989,1989,100 g/ha,17130,A,Official figure,
QCL,Crops and livestock products,13,Central America,5510,Production,112,Maize (corn),1989,1989,t,13791875,A,Official figure,
QCL,Crops and livestock products,13,Central America,5312,Area harvested,112,Maize (corn),1990,1990,ha,8978574,A,Official figure,
QCL,Crops and livestock products,13,Central America,5419,Yield,112,Maize (corn),1990,1990,100 g/ha,19542,A,Official figure,
QCL,Crops and livestock products,13,Central America,5510,Production,112,Maize (corn),1990,1990,t,17545741,A,Official figure,
QCL,Crops and livestock products,13,Central America,5312,Area harvested,112,Maize (corn),1991,1991,ha,8664226,A,Official figure,
QCL,Crops and livestock products,13,Central America,5419,Yield,112,Maize (corn),1991,1991,100 g/ha,19551,A,Official figure,
QCL,Crops and livestock products,13,Central America,5510,Production,112,Maize (corn),1991,1991,t,16939809,A,Official figure,
QCL,Crops and livestock products,13,Central America,5312,Area harvested,112,Maize (corn),1992,1992,ha,9010430,A,Official figure,
QCL,Crops and livestock products,13,Central America,5419,Yield,112,Maize (corn),1992,1992,100 g/ha,22181,A,Official figure,
QCL,Crops and livestock products,13,Central America,5510,Production,112,Maize (corn),1992,1992,t,19985670,A,Official figure,
QCL,Crops and livestock products,13,Central America,5312,Area harvested,112,Maize (corn),1993,1993,ha,9190636,A,Official figure,
QCL,Crops and livestock products,13,Central America,5419,Yield,112,Maize (corn),1993,1993,100 g/ha,22949,A,Official figure,
QCL,Crops and livestock products,13,Central America,5510,Production,112,Maize (corn),1993,1993,t,21091457,A,Official figure,
QCL,Crops and livestock products,13,Central America,5312,Area harvested,112,Maize (corn),1994,1994,ha,9836729,A,Official figure,
QCL,Crops and livestock products,13,Central America,5419,Yield,112,Maize (corn),1994,1994,100 g/ha,21239,A,Official figure,
QCL,Crops and livestock products,13,Central America,5510,Production,112,Maize (corn),1994,1994,t,20892487,A,Official figure,
QCL,Crops and livestock products,13,Central America,5312,Area harvested,112,Maize (corn),1995,1995,ha,9653176,A,Official figure,
QCL,Crops and livestock products,13,Central America,5419,Yield,112,Maize (corn),1995,1995,100 g/ha,21990,A,Official figure,
QCL,Crops and livestock products,13,Central America,5510,Production,112,Maize (corn),1995,1995,t,21227656,A,Official figure,
QCL,Crops and livestock products,13,Central America,5312,Area harvested,112,Maize (corn),1996,1996,ha,9695089,A,Official figure,
QCL,Crops and livestock products,13,Central America,5419,Yield,112,Maize (corn),1996,1996,100 g/ha,21509,A,Official figure,
QCL,Crops and livestock products,13,Central America,5510,Production,112,Maize (corn),1996,1996,t,20852879,A,Official figure,
QCL,Crops and livestock products,13,Central America,5312,Area harvested,112,Maize (corn),1997,1997,ha,8997110,A,Official figure,
QCL,Crops and livestock products,13,Central America,5419,Yield,112,Maize (corn),1997,1997,100 g/ha,22267,A,Official figure,
QCL,Crops and livestock products,13,Central America,5510,Production,112,Maize (corn),1997,1997,t,20033510,A,Official figure,
QCL,Crops and livestock products,13,Central America,5312,Area harvested,112,Maize (corn),1998,1998,ha,9582074,A,Official figure,
QCL,Crops and livestock products,13,Central America,5419,Yield,112,Maize (corn),1998,1998,100 g/ha,21925,A,Official figure,
QCL,Crops and livestock products,13,Central America,5510,Production,112,Maize (corn),1998,1998,t,21008609,A,Official figure,
QCL,Crops and livestock products,13,Central America,5312,Area harvested,112,Maize (corn),1999,1999,ha,8738890,A,Official figure,
QCL,Crops and livestock products,13,Central America,5419,Yield,112,Maize (corn),1999,1999,100 g/ha,23239,A,Official figure,
QCL,Crops and livestock products,13,Central America,5510,Production,112,Maize (corn),1999,1999,t,20308324,A,Official figure,
QCL,Crops and livestock products,13,Central America,5312,Area harvested,112,Maize (corn),2000,2000,ha,8758969,A,Official figure,
QCL,Crops and livestock products,13,Central America,5419,Yield,112,Maize (corn),2000,2000,100 g/ha,23146,A,Official figure,
QCL,Crops and livestock products,13,Central America,5510,Production,112,Maize (corn),2000,2000,t,20273748,A,Official figure,
QCL,Crops and livestock products,13,Central America,5312,Area harvested,112,Maize (corn),2001,2001,ha,9435004,A,Official figure,
QCL,Crops and livestock products,13,Central America,5419,Yield,112,Maize (corn),2001,2001,100 g/ha,24370,A,Official figure,
QCL,Crops and livestock products,13,Central America,5510,Production,112,Maize (corn),2001,2001,t,22992665.49,A,Official figure,
QCL,Crops and livestock products,13,Central America,5312,Area harvested,112,Maize (corn),2002,2002,ha,8784433,A,Official figure,
QCL,Crops and livestock products,13,Central America,5419,Yield,112,Maize (corn),2002,2002,100 g/ha,25399,A,Official figure,
QCL,Crops and livestock products,13,Central America,5510,Production,112,Maize (corn),2002,2002,t,22311443.72,A,Official figure,
QCL,Crops and livestock products,13,Central America,5312,Area harvested,112,Maize (corn),2003,2003,ha,9157281,A,Official figure,
QCL,Crops and livestock products,13,Central America,5419,Yield,112,Maize (corn),2003,2003,100 g/ha,26032,A,Official figure,
QCL,Crops and livestock products,13,Central America,5510,Production,112,Maize (corn),2003,2003,t,23838250.55,A,Official figure,
QCL,Crops and livestock products,13,Central America,5312,Area harvested,112,Maize (corn),2004,2004,ha,9250010,A,Official figure,
QCL,Crops and livestock products,13,Central America,5419,Yield,112,Maize (corn),2004,2004,100 g/ha,26624,A,Official figure,
QCL,Crops and livestock products,13,Central America,5510,Production,112,Maize (corn),2004,2004,t,24626776.16,A,Official figure,
QCL,Crops and livestock products,13,Central America,5312,Area harvested,112,Maize (corn),2005,2005,ha,8221028,A,Official figure,
QCL,Crops and livestock products,13,Central America,5419,Yield,112,Maize (corn),2005,2005,100 g/ha,27500,A,Official figure,
QCL,Crops and livestock products,13,Central America,5510,Production,112,Maize (corn),2005,2005,t,22607467.06,A,Official figure,
QCL,Crops and livestock products,13,Central America,5312,Area harvested,112,Maize (corn),2006,2006,ha,8853732,A,Official figure,
QCL,Crops and livestock products,13,Central America,5419,Yield,112,Maize (corn),2006,2006,100 g/ha,28538,A,Official figure,
QCL,Crops and livestock products,13,Central America,5510,Production,112,Maize (corn),2006,2006,t,25267168.41,A,Official figure,
QCL,Crops and livestock products,13,Central America,5312,Area harvested,112,Maize (corn),2007,2007,ha,9063036,A,Official figure,
QCL,Crops and livestock products,13,Central America,5419,Yield,112,Maize (corn),2007,2007,100 g/ha,29877,A,Official figure,
QCL,Crops and livestock products,13,Central America,5510,Production,112,Maize (corn),2007,2007,t,27077762.3,A,Official figure,
QCL,Crops and livestock products,13,Central America,5312,Area harvested,112,Maize (corn),2008,2008,ha,9170445,A,Official figure,
QCL,Crops and livestock products,13,Central America,5419,Yield,112,Maize (corn),2008,2008,100 g/ha,30529,A,Official figure,
QCL,Crops and livestock products,13,Central America,5510,Production,112,Maize (corn),2008,2008,t,27996652.84,A,Official figure,
QCL,Crops and livestock products,13,Central America,5312,Area harvested,112,Maize (corn),2009,2009,ha,8058159,A,Official figure,
QCL,Crops and livestock products,13,Central America,5419,Yield,112,Maize (corn),2009,2009,100 g/ha,29574,A,Official figure,
QCL,Crops and livestock products,13,Central America,5510,Production,112,Maize (corn),2009,2009,t,23830831.13,A,Official figure,
QCL,Crops and livestock products,13,Central America,5312,Area harvested,112,Maize (corn),2010,2010,ha,8973798,A,Official figure,
QCL,Crops and livestock products,13,Central America,5419,Yield,112,Maize (corn),2010,2010,100 g/ha,29928,A,Official figure,
QCL,Crops and livestock products,13,Central America,5510,Production,112,Maize (corn),2010,2010,t,26856972.73,A,Official figure,
QCL,Crops and livestock products,13,Central America,5312,Area harvested,112,Maize (corn),2011,2011,ha,7946221,A,Official figure,
QCL,Crops and livestock products,13,Central America,5419,Yield,112,Maize (corn),2011,2011,100 g/ha,26809,A,Official figure,
QCL,Crops and livestock products,13,Central America,5510,Production,112,Maize (corn),2011,2011,t,21302681.14,A,Official figure,
QCL,Crops and livestock products,13,Central America,5312,Area harvested,112,Maize (corn),2012,2012,ha,8815050,A,Official figure,
QCL,Crops and livestock products,13,Central America,5419,Yield,112,Maize (corn),2012,2012,100 g/ha,29389,A,Official figure,
QCL,Crops and livestock products,13,Central America,5510,Production,112,Maize (corn),2012,2012,t,25906700,A,Official figure,
QCL,Crops and livestock products,13,Central America,5312,Area harvested,112,Maize (corn),2013,2013,ha,9122906,A,Official figure,
QCL,Crops and livestock products,13,Central America,5419,Yield,112,Maize (corn),2013,2013,100 g/ha,29197,A,Official figure,
QCL,Crops and livestock products,13,Central America,5510,Production,112,Maize (corn),2013,2013,t,26636197.36,A,Official figure,
QCL,Crops and livestock products,13,Central America,5312,Area harvested,112,Maize (corn),2014,2014,ha,8940736,A,Official figure,
QCL,Crops and livestock products,13,Central America,5419,Yield,112,Maize (corn),2014,2014,100 g/ha,30259,A,Official figure,
QCL,Crops and livestock products,13,Central America,5510,Production,112,Maize (corn),2014,2014,t,27054022.1,A,Official figure,
QCL,Crops and livestock products,13,Central America,5312,Area harvested,112,Maize (corn),2015,2015,ha,8974841,A,Official figure,
QCL,Crops and livestock products,13,Central America,5419,Yield,112,Maize (corn),2015,2015,100 g/ha,31590,A,Official figure,
QCL,Crops and livestock products,13,Central America,5510,Production,112,Maize (corn),2015,2015,t,28351518.9,A,Official figure,
QCL,Crops and livestock products,13,Central America,5312,Area harvested,112,Maize (corn),2016,2016,ha,9552417,A,Official figure,
QCL,Crops and livestock products,13,Central America,5419,Yield,112,Maize (corn),2016,2016,100 g/ha,33813,A,Official figure,
QCL,Crops and livestock products,13,Central America,5510,Production,112,Maize (corn),2016,2016,t,32300008.77,A,Official figure,
QCL,Crops and livestock products,13,Central America,5312,Area harvested,112,Maize (corn),2017,2017,ha,9287089,A,Official figure,
QCL,Crops and livestock products,13,Central America,5419,Yield,112,Maize (corn),2017,2017,100 g/ha,34374,A,Official figure,
QCL,Crops and livestock products,13,Central America,5510,Production,112,Maize (corn),2017,2017,t,31923513.78,A,Official figure,
QCL,Crops and livestock products,13,Central America,5312,Area harvested,112,Maize (corn),2018,2018,ha,9064709,A,Official figure,
QCL,Crops and livestock products,13,Central America,5419,Yield,112,Maize (corn),2018,2018,100 g/ha,34372,A,Official figure,
QCL,Crops and livestock products,13,Central America,5510,Production,112,Maize (corn),2018,2018,t,31157243.3,A,Official figure,
QCL,Crops and livestock products,13,Central America,5312,Area harvested,112,Maize (corn),2019,2019,ha,8519302,A,Official figure,
QCL,Crops and livestock products,13,Central America,5419,Yield,112,Maize (corn),2019,2019,100 g/ha,36449,A,Official figure,
QCL,Crops and livestock products,13,Central America,5510,Production,112,Maize (corn),2019,2019,t,31051991.55,A,Official figure,
QCL,Crops and livestock products,13,Central America,5312,Area harvested,112,Maize (corn),2020,2020,ha,9070700,A,Official figure,
QCL,Crops and livestock products,13,Central America,5419,Yield,112,Maize (corn),2020,2020,100 g/ha,34668,A,Official figure,
QCL,Crops and livestock products,13,Central America,5510,Production,112,Maize (corn),2020,2020,t,31446129.05,A,Official figure,
QCL,Crops and livestock products,13,Central America,5312,Area harvested,112,Maize (corn),2021,2021,ha,9066750,A,Official figure,
QCL,Crops and livestock products,13,Central America,5419,Yield,112,Maize (corn),2021,2021,100 g/ha,34971,A,Official figure,
QCL,Crops and livestock products,13,Central America,5510,Production,112,Maize (corn),2021,2021,t,31707725,A,Official figure,
QCL,Crops and livestock products,13,Central America,5312,Area harvested,112,Maize (corn),2022,2022,ha,8684168,E,Estimated value,
QCL,Crops and livestock products,13,Central America,5419,Yield,112,Maize (corn),2022,2022,100 g/ha,35372,E,Estimated value,
QCL,Crops and livestock products,13,Central America,5510,Production,112,Maize (corn),2022,2022,t,30717767.85,E,Estimated value,
QCL,Crops and livestock products,5,South America,5312,Area harvested,112,Maize (corn),1961,1961,ha,11879155,A,Official figure,
QCL,Crops and livestock products,5,South America,5419,Yield,112,Maize (corn),1961,1961,100 g/ha,13734,A,Official figure,
QCL,Crops and livestock products,5,South America,5510,Production,112,Maize (corn),1961,1961,t,16314418,A,Official figure,
QCL,Crops and livestock products,5,South America,5312,Area harvested,112,Maize (corn),1962,1962,ha,12433292,A,Official figure,
QCL,Crops and livestock products,5,South America,5419,Yield,112,Maize (corn),1962,1962,100 g/ha,13934,A,Official figure,
QCL,Crops and livestock products,5,South America,5510,Production,112,Maize (corn),1962,1962,t,17323969,A,Official figure,
QCL,Crops and livestock products,5,South America,5312,Area harvested,112,Maize (corn),1963,1963,ha,12873933,A,Official figure,
QCL,Crops and livestock products,5,South America,5419,Yield,112,Maize (corn),1963,1963,100 g/ha,13452,A,Official figure,
QCL,Crops and livestock products,5,South America,5510,Production,112,Maize (corn),1963,1963,t,17318192,A,Official figure,
QCL,Crops and livestock products,5,South America,5312,Area harvested,112,Maize (corn),1964,1964,ha,13573553,A,Official figure,
QCL,Crops and livestock products,5,South America,5419,Yield,112,Maize (corn),1964,1964,100 g/ha,12947,A,Official figure,
QCL,Crops and livestock products,5,South America,5510,Production,112,Maize (corn),1964,1964,t,17573698,A,Official figure,
QCL,Crops and livestock products,5,South America,5312,Area harvested,112,Maize (corn),1965,1965,ha,14469884,A,Official figure,
QCL,Crops and livestock products,5,South America,5419,Yield,112,Maize (corn),1965,1965,100 g/ha,13963,A,Official figure,
QCL,Crops and livestock products,5,South America,5510,Production,112,Maize (corn),1965,1965,t,20204233,A,Official figure,
QCL,Crops and livestock products,5,South America,5312,Area harvested,112,Maize (corn),1966,1966,ha,14578867,A,Official figure,
QCL,Crops and livestock products,5,South America,5419,Yield,112,Maize (corn),1966,1966,100 g/ha,14732,A,Official figure,
QCL,Crops and livestock products,5,South America,5510,Production,112,Maize (corn),1966,1966,t,21477754,A,Official figure,
QCL,Crops and livestock products,5,South America,5312,Area harvested,112,Maize (corn),1967,1967,ha,15560234,A,Official figure,
QCL,Crops and livestock products,5,South America,5419,Yield,112,Maize (corn),1967,1967,100 g/ha,15822,A,Official figure,
QCL,Crops and livestock products,5,South America,5510,Production,112,Maize (corn),1967,1967,t,24619722,A,Official figure,
QCL,Crops and livestock products,5,South America,5312,Area harvested,112,Maize (corn),1968,1968,ha,15621586,A,Official figure,
QCL,Crops and livestock products,5,South America,5419,Yield,112,Maize (corn),1968,1968,100 g/ha,14390,A,Official figure,
QCL,Crops and livestock products,5,South America,5510,Production,112,Maize (corn),1968,1968,t,22479692,A,Official figure,
QCL,Crops and livestock products,5,South America,5312,Area harvested,112,Maize (corn),1969,1969,ha,15817017,A,Official figure,
QCL,Crops and livestock products,5,South America,5419,Yield,112,Maize (corn),1969,1969,100 g/ha,14304,A,Official figure,
QCL,Crops and livestock products,5,South America,5510,Production,112,Maize (corn),1969,1969,t,22625311,A,Official figure,
QCL,Crops and livestock products,5,South America,5312,Area harvested,112,Maize (corn),1970,1970,ha,16489311,A,Official figure,
QCL,Crops and livestock products,5,South America,5419,Yield,112,Maize (corn),1970,1970,100 g/ha,16356,A,Official figure,
QCL,Crops and livestock products,5,South America,5510,Production,112,Maize (corn),1970,1970,t,26969852,A,Official figure,
QCL,Crops and livestock products,5,South America,5312,Area harvested,112,Maize (corn),1971,1971,ha,17273130,A,Official figure,
QCL,Crops and livestock products,5,South America,5419,Yield,112,Maize (corn),1971,1971,100 g/ha,15870,A,Official figure,
QCL,Crops and livestock products,5,South America,5510,Production,112,Maize (corn),1971,1971,t,27412929,A,Official figure,
QCL,Crops and livestock products,5,South America,5312,Area harvested,112,Maize (corn),1972,1972,ha,16176727,A,Official figure,
QCL,Crops and livestock products,5,South America,5419,Yield,112,Maize (corn),1972,1972,100 g/ha,14747,A,Official figure,
QCL,Crops and livestock products,5,South America,5510,Production,112,Maize (corn),1972,1972,t,23855674,A,Official figure,
QCL,Crops and livestock products,5,South America,5312,Area harvested,112,Maize (corn),1973,1973,ha,15854742,A,Official figure,
QCL,Crops and livestock products,5,South America,5419,Yield,112,Maize (corn),1973,1973,100 g/ha,17013,A,Official figure,
QCL,Crops and livestock products,5,South America,5510,Production,112,Maize (corn),1973,1973,t,26973049,A,Official figure,
QCL,Crops and livestock products,5,South America,5312,Area harvested,112,Maize (corn),1974,1974,ha,16553804,A,Official figure,
QCL,Crops and livestock products,5,South America,5419,Yield,112,Maize (corn),1974,1974,100 g/ha,17841,A,Official figure,
QCL,Crops and livestock products,5,South America,5510,Production,112,Maize (corn),1974,1974,t,29533105,A,Official figure,
QCL,Crops and livestock products,5,South America,5312,Area harvested,112,Maize (corn),1975,1975,ha,16340584,A,Official figure,
QCL,Crops and livestock products,5,South America,5419,Yield,112,Maize (corn),1975,1975,100 g/ha,16778,A,Official figure,
QCL,Crops and livestock products,5,South America,5510,Production,112,Maize (corn),1975,1975,t,27416694,A,Official figure,
QCL,Crops and livestock products,5,South America,5312,Area harvested,112,Maize (corn),1976,1976,ha,16286137,A,Official figure,
QCL,Crops and livestock products,5,South America,5419,Yield,112,Maize (corn),1976,1976,100 g/ha,16615,A,Official figure,
QCL,Crops and livestock products,5,South America,5510,Production,112,Maize (corn),1976,1976,t,27058951,A,Official figure,
QCL,Crops and livestock products,5,South America,5312,Area harvested,112,Maize (corn),1977,1977,ha,16830924,A,Official figure,
QCL,Crops and livestock products,5,South America,5419,Yield,112,Maize (corn),1977,1977,100 g/ha,18550,A,Official figure,
QCL,Crops and livestock products,5,South America,5510,Production,112,Maize (corn),1977,1977,t,31222188,A,Official figure,
QCL,Crops and livestock products,5,South America,5312,Area harvested,112,Maize (corn),1978,1978,ha,16196802,A,Official figure,
QCL,Crops and livestock products,5,South America,5419,Yield,112,Maize (corn),1978,1978,100 g/ha,16432,A,Official figure,
QCL,Crops and livestock products,5,South America,5510,Production,112,Maize (corn),1978,1978,t,26613799,A,Official figure,
QCL,Crops and livestock products,5,South America,5312,Area harvested,112,Maize (corn),1979,1979,ha,16462989,A,Official figure,
QCL,Crops and livestock products,5,South America,5419,Yield,112,Maize (corn),1979,1979,100 g/ha,17378,A,Official figure,
QCL,Crops and livestock products,5,South America,5510,Production,112,Maize (corn),1979,1979,t,28609750,A,Official figure,
QCL,Crops and livestock products,5,South America,5312,Area harvested,112,Maize (corn),1980,1980,ha,16256500,A,Official figure,
QCL,Crops and livestock products,5,South America,5419,Yield,112,Maize (corn),1980,1980,100 g/ha,18579,A,Official figure,
QCL,Crops and livestock products,5,South America,5510,Production,112,Maize (corn),1980,1980,t,30203374,A,Official figure,
QCL,Crops and livestock products,5,South America,5312,Area harvested,112,Maize (corn),1981,1981,ha,17221685,A,Official figure,
QCL,Crops and livestock products,5,South America,5419,Yield,112,Maize (corn),1981,1981,100 g/ha,21914,A,Official figure,
QCL,Crops and livestock products,5,South America,5510,Production,112,Maize (corn),1981,1981,t,37738912,A,Official figure,
QCL,Crops and livestock products,5,South America,5312,Area harvested,112,Maize (corn),1982,1982,ha,18052845,A,Official figure,
QCL,Crops and livestock products,5,South America,5419,Yield,112,Maize (corn),1982,1982,100 g/ha,19466,A,Official figure,
QCL,Crops and livestock products,5,South America,5510,Production,112,Maize (corn),1982,1982,t,35141301,A,Official figure,
QCL,Crops and livestock products,5,South America,5312,Area harvested,112,Maize (corn),1983,1983,ha,15785740,A,Official figure,
QCL,Crops and livestock products,5,South America,5419,Yield,112,Maize (corn),1983,1983,100 g/ha,19735,A,Official figure,
QCL,Crops and livestock products,5,South America,5510,Production,112,Maize (corn),1983,1983,t,31153347,A,Official figure,
QCL,Crops and livestock products,5,South America,5312,Area harvested,112,Maize (corn),1984,1984,ha,17298743,A,Official figure,
QCL,Crops and livestock products,5,South America,5419,Yield,112,Maize (corn),1984,1984,100 g/ha,20087,A,Official figure,
QCL,Crops and livestock products,5,South America,5510,Production,112,Maize (corn),1984,1984,t,34748816,A,Official figure,
QCL,Crops and livestock products,5,South America,5312,Area harvested,112,Maize (corn),1985,1985,ha,17466290,A,Official figure,
QCL,Crops and livestock products,5,South America,5419,Yield,112,Maize (corn),1985,1985,100 g/ha,21936,A,Official figure,
QCL,Crops and livestock products,5,South America,5510,Production,112,Maize (corn),1985,1985,t,38314330,A,Official figure,
QCL,Crops and livestock products,5,South America,5312,Area harvested,112,Maize (corn),1986,1986,ha,18472219,A,Official figure,
QCL,Crops and livestock products,5,South America,5419,Yield,112,Maize (corn),1986,1986,100 g/ha,20281,A,Official figure,
QCL,Crops and livestock products,5,South America,5510,Production,112,Maize (corn),1986,1986,t,37463130,A,Official figure,
QCL,Crops and livestock products,5,South America,5312,Area harvested,112,Maize (corn),1987,1987,ha,19271173,A,Official figure,
QCL,Crops and livestock products,5,South America,5419,Yield,112,Maize (corn),1987,1987,100 g/ha,21275,A,Official figure,
QCL,Crops and livestock products,5,South America,5510,Production,112,Maize (corn),1987,1987,t,40999380,A,Official figure,
QCL,Crops and livestock products,5,South America,5312,Area harvested,112,Maize (corn),1988,1988,ha,18483031,A,Official figure,
QCL,Crops and livestock products,5,South America,5419,Yield,112,Maize (corn),1988,1988,100 g/ha,21112,A,Official figure,
QCL,Crops and livestock products,5,South America,5510,Production,112,Maize (corn),1988,1988,t,39020645,A,Official figure,
QCL,Crops and livestock products,5,South America,5312,Area harvested,112,Maize (corn),1989,1989,ha,17372191,A,Official figure,
QCL,Crops and livestock products,5,South America,5419,Yield,112,Maize (corn),1989,1989,100 g/ha,21137,A,Official figure,
QCL,Crops and livestock products,5,South America,5510,Production,112,Maize (corn),1989,1989,t,36719474,A,Official figure,
QCL,Crops and livestock products,5,South America,5312,Area harvested,112,Maize (corn),1990,1990,ha,15605941,A,Official figure,
QCL,Crops and livestock products,5,South America,5419,Yield,112,Maize (corn),1990,1990,100 g/ha,20384,A,Official figure,
QCL,Crops and livestock products,5,South America,5510,Production,112,Maize (corn),1990,1990,t,31810477,A,Official figure,
QCL,Crops and livestock products,5,South America,5312,Area harvested,112,Maize (corn),1991,1991,ha,17650400,A,Official figure,
QCL,Crops and livestock products,5,South America,5419,Yield,112,Maize (corn),1991,1991,100 g/ha,20727,A,Official figure,
QCL,Crops and livestock products,5,South America,5510,Production,112,Maize (corn),1991,1991,t,36583883,A,Official figure,
QCL,Crops and livestock products,5,South America,5312,Area harvested,112,Maize (corn),1992,1992,ha,18310837,A,Official figure,
QCL,Crops and livestock products,5,South America,5419,Yield,112,Maize (corn),1992,1992,100 g/ha,25199,A,Official figure,
QCL,Crops and livestock products,5,South America,5510,Production,112,Maize (corn),1992,1992,t,46140830,A,Official figure,
QCL,Crops and livestock products,5,South America,5312,Area harvested,112,Maize (corn),1993,1993,ha,17061691,A,Official figure,
QCL,Crops and livestock products,5,South America,5419,Yield,112,Maize (corn),1993,1993,100 g/ha,27222,A,Official figure,
QCL,Crops and livestock products,5,South America,5510,Production,112,Maize (corn),1993,1993,t,46445737.8,A,Official figure,
QCL,Crops and livestock products,5,South America,5312,Area harvested,112,Maize (corn),1994,1994,ha,18839045,A,Official figure,
QCL,Crops and livestock products,5,South America,5419,Yield,112,Maize (corn),1994,1994,100 g/ha,25689,A,Official figure,
QCL,Crops and livestock products,5,South America,5510,Production,112,Maize (corn),1994,1994,t,48395499,A,Official figure,
QCL,Crops and livestock products,5,South America,5312,Area harvested,112,Maize (corn),1995,1995,ha,19150542,A,Official figure,
QCL,Crops and livestock products,5,South America,5419,Yield,112,Maize (corn),1995,1995,100 g/ha,27950,A,Official figure,
QCL,Crops and livestock products,5,South America,5510,Production,112,Maize (corn),1995,1995,t,53524843.04,A,Official figure,
QCL,Crops and livestock products,5,South America,5312,Area harvested,112,Maize (corn),1996,1996,ha,17229720,A,Official figure,
QCL,Crops and livestock products,5,South America,5419,Yield,112,Maize (corn),1996,1996,100 g/ha,26700,A,Official figure,
QCL,Crops and livestock products,5,South America,5510,Production,112,Maize (corn),1996,1996,t,46003010.45,A,Official figure,
QCL,Crops and livestock products,5,South America,5312,Area harvested,112,Maize (corn),1997,1997,ha,18719933,A,Official figure,
QCL,Crops and livestock products,5,South America,5419,Yield,112,Maize (corn),1997,1997,100 g/ha,29156,A,Official figure,
QCL,Crops and livestock products,5,South America,5510,Production,112,Maize (corn),1997,1997,t,54580392.2,A,Official figure,
QCL,Crops and livestock products,5,South America,5312,Area harvested,112,Maize (corn),1998,1998,ha,16162760,A,Official figure,
QCL,Crops and livestock products,5,South America,5419,Yield,112,Maize (corn),1998,1998,100 g/ha,33735,A,Official figure,
QCL,Crops and livestock products,5,South America,5510,Production,112,Maize (corn),1998,1998,t,54524282.79,A,Official figure,
QCL,Crops and livestock products,5,South America,5312,Area harvested,112,Maize (corn),1999,1999,ha,16684274,A,Official figure,
QCL,Crops and livestock products,5,South America,5419,Yield,112,Maize (corn),1999,1999,100 g/ha,30925,A,Official figure,
QCL,Crops and livestock products,5,South America,5510,Production,112,Maize (corn),1999,1999,t,51596515.48,A,Official figure,
QCL,Crops and livestock products,5,South America,5312,Area harvested,112,Maize (corn),2000,2000,ha,17703915,A,Official figure,
QCL,Crops and livestock products,5,South America,5419,Yield,112,Maize (corn),2000,2000,100 g/ha,31544,A,Official figure,
QCL,Crops and livestock products,5,South America,5510,Production,112,Maize (corn),2000,2000,t,55845352,A,Official figure,
QCL,Crops and livestock products,5,South America,5312,Area harvested,112,Maize (corn),2001,2001,ha,18048666,A,Official figure,
QCL,Crops and livestock products,5,South America,5419,Yield,112,Maize (corn),2001,2001,100 g/ha,35812,A,Official figure,
QCL,Crops and livestock products,5,South America,5510,Production,112,Maize (corn),2001,2001,t,64635270,A,Official figure,
QCL,Crops and livestock products,5,South America,5312,Area harvested,112,Maize (corn),2002,2002,ha,16892026,A,Official figure,
QCL,Crops and livestock products,5,South America,5419,Yield,112,Maize (corn),2002,2002,100 g/ha,34225,A,Official figure,
QCL,Crops and livestock products,5,South America,5510,Production,112,Maize (corn),2002,2002,t,57812451,A,Official figure,
QCL,Crops and livestock products,5,South America,5312,Area harvested,112,Maize (corn),2003,2003,ha,18147392,A,Official figure,
QCL,Crops and livestock products,5,South America,5419,Yield,112,Maize (corn),2003,2003,100 g/ha,39569,A,Official figure,
QCL,Crops and livestock products,5,South America,5510,Production,112,Maize (corn),2003,2003,t,71807840,A,Official figure,
QCL,Crops and livestock products,5,South America,5312,Area harvested,112,Maize (corn),2004,2004,ha,17769692,A,Official figure,
QCL,Crops and livestock products,5,South America,5419,Yield,112,Maize (corn),2004,2004,100 g/ha,36962,A,Official figure,
QCL,Crops and livestock products,5,South America,5510,Production,112,Maize (corn),2004,2004,t,65680470,A,Official figure,
QCL,Crops and livestock products,5,South America,5312,Area harvested,112,Maize (corn),2005,2005,ha,17361691,A,Official figure,
QCL,Crops and livestock products,5,South America,5419,Yield,112,Maize (corn),2005,2005,100 g/ha,37288,A,Official figure,
QCL,Crops and livestock products,5,South America,5510,Production,112,Maize (corn),2005,2005,t,64738564,A,Official figure,
QCL,Crops and livestock products,5,South America,5312,Area harvested,112,Maize (corn),2006,2006,ha,18357932,A,Official figure,
QCL,Crops and livestock products,5,South America,5419,Yield,112,Maize (corn),2006,2006,100 g/ha,36559,A,Official figure,
QCL,Crops and livestock products,5,South America,5510,Production,112,Maize (corn),2006,2006,t,67114950.29,A,Official figure,
QCL,Crops and livestock products,5,South America,5312,Area harvested,112,Maize (corn),2007,2007,ha,20142139,A,Official figure,
QCL,Crops and livestock products,5,South America,5419,Yield,112,Maize (corn),2007,2007,100 g/ha,42067,A,Official figure,
QCL,Crops and livestock products,5,South America,5510,Production,112,Maize (corn),2007,2007,t,84732603.5,A,Official figure,
QCL,Crops and livestock products,5,South America,5312,Area harvested,112,Maize (corn),2008,2008,ha,21638514,A,Official figure,
QCL,Crops and livestock products,5,South America,5419,Yield,112,Maize (corn),2008,2008,100 g/ha,42876,A,Official figure,
QCL,Crops and livestock products,5,South America,5510,Production,112,Maize (corn),2008,2008,t,92777877,A,Official figure,
QCL,Crops and livestock products,5,South America,5312,Area harvested,112,Maize (corn),2009,2009,ha,19606747,A,Official figure,
QCL,Crops and livestock products,5,South America,5419,Yield,112,Maize (corn),2009,2009,100 g/ha,38053,A,Official figure,
QCL,Crops and livestock products,5,South America,5510,Production,112,Maize (corn),2009,2009,t,74608785,A,Official figure,
QCL,Crops and livestock products,5,South America,5312,Area harvested,112,Maize (corn),2010,2010,ha,19057196,A,Official figure,
QCL,Crops and livestock products,5,South America,5419,Yield,112,Maize (corn),2010,2010,100 g/ha,47418,A,Official figure,
QCL,Crops and livestock products,5,South America,5510,Production,112,Maize (corn),2010,2010,t,90366180.88,A,Official figure,
QCL,Crops and livestock products,5,South America,5312,Area harvested,112,Maize (corn),2011,2011,ha,20632973,A,Official figure,
QCL,Crops and livestock products,5,South America,5419,Yield,112,Maize (corn),2011,2011,100 g/ha,44436,A,Official figure,
QCL,Crops and livestock products,5,South America,5510,Production,112,Maize (corn),2011,2011,t,91684910.6,A,Official figure,
QCL,Crops and livestock products,5,South America,5312,Area harvested,112,Maize (corn),2012,2012,ha,21758327,A,Official figure,
QCL,Crops and livestock products,5,South America,5419,Yield,112,Maize (corn),2012,2012,100 g/ha,48442,A,Official figure,
QCL,Crops and livestock products,5,South America,5510,Production,112,Maize (corn),2012,2012,t,105401473.3,A,Official figure,
QCL,Crops and livestock products,5,South America,5312,Area harvested,112,Maize (corn),2013,2013,ha,24147717,A,Official figure,
QCL,Crops and livestock products,5,South America,5419,Yield,112,Maize (corn),2013,2013,100 g/ha,52480,A,Official figure,
QCL,Crops and livestock products,5,South America,5510,Production,112,Maize (corn),2013,2013,t,126726708.4,A,Official figure,
QCL,Crops and livestock products,5,South America,5312,Area harvested,112,Maize (corn),2014,2014,ha,23861933,A,Official figure,
QCL,Crops and livestock products,5,South America,5419,Yield,112,Maize (corn),2014,2014,100 g/ha,52903,A,Official figure,
QCL,Crops and livestock products,5,South America,5510,Production,112,Maize (corn),2014,2014,t,126237235,A,Official figure,
QCL,Crops and livestock products,5,South America,5312,Area harvested,112,Maize (corn),2015,2015,ha,23431330,A,Official figure,
QCL,Crops and livestock products,5,South America,5419,Yield,112,Maize (corn),2015,2015,100 g/ha,57059,A,Official figure,
QCL,Crops and livestock products,5,South America,5510,Production,112,Maize (corn),2015,2015,t,133695947.2,A,Official figure,
QCL,Crops and livestock products,5,South America,5312,Area harvested,112,Maize (corn),2016,2016,ha,23496484,A,Official figure,
QCL,Crops and livestock products,5,South America,5419,Yield,112,Maize (corn),2016,2016,100 g/ha,49918,A,Official figure,
QCL,Crops and livestock products,5,South America,5510,Production,112,Maize (corn),2016,2016,t,117289208.9,A,Official figure,
QCL,Crops and livestock products,5,South America,5312,Area harvested,112,Maize (corn),2017,2017,ha,27085204,A,Official figure,
QCL,Crops and livestock products,5,South America,5419,Yield,112,Maize (corn),2017,2017,100 g/ha,59297,A,Official figure,
QCL,Crops and livestock products,5,South America,5510,Production,112,Maize (corn),2017,2017,t,160606646.4,A,Official figure,
QCL,Crops and livestock products,5,South America,5312,Area harvested,112,Maize (corn),2018,2018,ha,26556395,A,Official figure,
QCL,Crops and livestock products,5,South America,5419,Yield,112,Maize (corn),2018,2018,100 g/ha,52428,A,Official figure,
QCL,Crops and livestock products,5,South America,5510,Production,112,Maize (corn),2018,2018,t,139228734.3,A,Official figure,
QCL,Crops and livestock products,5,South America,5312,Area harvested,112,Maize (corn),2019,2019,ha,27980835,A,Official figure,
QCL,Crops and livestock products,5,South America,5419,Yield,112,Maize (corn),2019,2019,100 g/ha,61406,A,Official figure,
QCL,Crops and livestock products,5,South America,5510,Production,112,Maize (corn),2019,2019,t,171818512.5,A,Official figure,
QCL,Crops and livestock products,5,South America,5312,Area harvested,112,Maize (corn),2020,2020,ha,29212830,A,Official figure,
QCL,Crops and livestock products,5,South America,5419,Yield,112,Maize (corn),2020,2020,100 g/ha,60357,A,Official figure,
QCL,Crops and livestock products,5,South America,5510,Production,112,Maize (corn),2020,2020,t,176318731.2,A,Official figure,
QCL,Crops and livestock products,5,South America,5312,Area harvested,112,Maize (corn),2021,2021,ha,30394350,A,Official figure,
QCL,Crops and livestock products,5,South America,5419,Yield,112,Maize (corn),2021,2021,100 g/ha,53315,A,Official figure,
QCL,Crops and livestock products,5,South America,5510,Production,112,Maize (corn),2021,2021,t,162048123.7,A,Official figure,
QCL,Crops and livestock products,5,South America,5312,Area harvested,112,Maize (corn),2022,2022,ha,33325183,A,Official figure,
QCL,Crops and livestock products,5,South America,5419,Yield,112,Maize (corn),2022,2022,100 g/ha,54925,A,Official figure,
QCL,Crops and livestock products,5,South America,5510,Production,112,Maize (corn),2022,2022,t,183039835.6,A,Official figure,
